,Tweet_Text,Tweet_Date_Time,Num_likes,Num_retweets,Num_images
0,We have emailed the task details to all candidates who have applied to @midasIIITD internship through IIITD portal.‚Ä¶ https://t.co/gZwyr7D2Sw,Fri Apr 05 16:08:37 +0000 2019,5,1,
1,"RT @rfpvjr: Our NAACL paper on polarization in language on Twitter surrounding mass shootings is up on arXiv! https://t.co/g7wiegXxDg
This‚Ä¶",Fri Apr 05 04:05:11 +0000 2019,46,15,
2,RT @kdnuggets: Effective Transfer Learning For NLP https://t.co/Z1m0AzlfVv https://t.co/ccX4Uhxjn8,Fri Apr 05 04:04:43 +0000 2019,19,10,1.0
3,RT @stanfordnlp: What‚Äôs new in @Stanford CS224N Natural Language Processing with Deep Learning for 2019? Question answering‚Äî1D CNNs‚Äîsubword‚Ä¶,Wed Apr 03 18:31:53 +0000 2019,221,55,
4,"RT @DeepMindAI: Today we're releasing a large-scale extendable dataset of mathematical questions, for training (and evaluating the abilitie‚Ä¶",Wed Apr 03 17:04:32 +0000 2019,2329,837,
5,"RT @ylecun: Congratulations Jitendra Malik !

Awards are raining on FAIRies these days... https://t.co/1WNcSeQLZe",Wed Apr 03 09:03:40 +0000 2019,149,16,
6,"RT @IIITDelhi: Another chance to take admission in the Ph.D. program in IIIT Delhi. 
Admissions open for Ph.D. program mathematics 

Log on‚Ä¶",Wed Apr 03 07:46:02 +0000 2019,4,4,
7,"Dear @midasIIITD internship candidates who have submitted their solutions to the task, we have sent you an email re‚Ä¶ https://t.co/4lCcAmwBKc",Tue Apr 02 04:20:13 +0000 2019,8,1,
8,"Looking forward to your paper submission to @IEEEBigMM19. 

Important Dates:
Regular Paper: 11:59pm PST, May 10, 20‚Ä¶ https://t.co/ODYKLC8z0s",Tue Apr 02 02:44:54 +0000 2019,5,1,
9,RT @ngrams: Reproducibility in multimedia research in @sigmm records https://t.co/hOyMxtmy7A Plus reminder to past-year authors: Today 1 Ap‚Ä¶,Tue Apr 02 02:35:44 +0000 2019,9,7,
10,"Online application for https://t.co/DJFDrQsHZP. Admission 2019 at @IIITDelhi has been open

Log on to know more and‚Ä¶ https://t.co/iqmGyRn1R0",Mon Apr 01 06:53:08 +0000 2019,6,1,
11,RT @ACMMM19: A final reminder of the Reproducibility Track: Authors of 2017 and 2018 papers are invited to submit a short reproducibility p‚Ä¶,Sun Mar 31 10:21:24 +0000 2019,12,10,
12,RT @isarth23: Thanks for the support and help @debanjanbhucs @RatnRajiv and @midasIIITD. It was a great learning experience! Glad to be par‚Ä¶,Fri Mar 29 19:43:24 +0000 2019,7,2,
13,"Since SemEval-2019 will be held June 6-7, 2019 in Minneapolis, USA, collocated with NAACL-HLT 2019, it will great s‚Ä¶ https://t.co/Jrl1uSesPc",Fri Mar 29 17:16:40 +0000 2019,9,1,
14,"+@aggarwal_kartik.
Congrats! Wish you many more success.",Fri Mar 29 17:04:30 +0000 2019,2,0,
15,"RT @aggarwal_kartik: Our work (@midasIIITD ) accepted at SemEval 2019 at @NAACLHLT : ""MIDAS at SemEval-2019 Task 9: Suggestion Mining from‚Ä¶",Fri Mar 29 17:03:29 +0000 2019,6,1,
16,"Congratulations! @midasIIITD team, @isarth23 @LaibaMehnaz @Simcyy @debanjanbhucs @RatnRajiv @the_dhumketu for getti‚Ä¶ https://t.co/z8pT3ojhoP",Fri Mar 29 17:02:24 +0000 2019,9,1,
17,"@EEMLcommunity @radamihalcea too many deadlines coming, @ACMMM19 @IEEEBigMM19 @EEMLcommunity",Fri Mar 29 05:35:22 +0000 2019,0,0,
18,"RT @stanfordnlp: CS224N Natural Language Processing with Deep Learning 2019 @Stanford course videos by @chrmanning, @abigail_e_see &amp; guests‚Ä¶",Thu Mar 28 16:55:01 +0000 2019,1953,709,
19,RT @ylecun: Learn PyTorch by running on Google GPUs for free. https://t.co/pt038TMnWR,Thu Mar 28 16:54:37 +0000 2019,644,157,
20,"Dr. Vineeth N Balasubramanian will present a Talk on ""Towards Explainable Deep Learning: Adding Why to What"" on 28t‚Ä¶ https://t.co/Ts0s7oi3Q9",Wed Mar 27 16:09:09 +0000 2019,4,1,
21,"RT @ylecun: I am extremely honored to be the recipient of the 2018 ACM A.M. Turing Award, and absolutely delighted to be sharing it with my‚Ä¶",Wed Mar 27 11:53:40 +0000 2019,7534,1544,
22,Thanks to all shortlisted candidates for submitting their solutions for @midasIIITD internship task 2019. We are cu‚Ä¶ https://t.co/It6mumE8jN,Tue Mar 26 18:12:27 +0000 2019,5,1,
23,"@IEEEBigMM19 @ACMMM19 and 6 days left for workshop proposal in @IEEEBigMM19.

Contact @cchatto for any query.",Tue Mar 26 05:54:49 +0000 2019,2,0,
24,"RT @IEEEBigMM19: Hurry Up!
6 Days left for Abstract Submission in @ACMMM19 
45 Days left for Regular Paper Submission in @IEEEBigMM19 .

He‚Ä¶",Tue Mar 26 05:50:10 +0000 2019,3,3,
25,Congratulations @midasIIITD students Simra Shahid @Simcyy and Nilay Shrivastava @NilayShri on getting selected for‚Ä¶ https://t.co/Irr6SfKMZI,Mon Mar 25 13:01:57 +0000 2019,18,1,
26,The last date for submitting a solution for the @midasIIITD internship task is 26th March midnight. We will not acc‚Ä¶ https://t.co/9BMRhXfqw3,Sun Mar 24 18:44:01 +0000 2019,8,3,
27,RT @IIITDelhi: @IIITDelhi invites application from Foreign Nationals/PIOs/NRIs/OCIs for admission to its https://t.co/u6kIuhIrGM and https:‚Ä¶,Sun Mar 24 18:26:02 +0000 2019,4,4,
28,"One more week is left to submit the workshop proposal to @IEEEBigMM19. 
Looking forward to your submission. For any‚Ä¶ https://t.co/MeaYTlKGjg",Sun Mar 24 11:34:27 +0000 2019,4,0,
29,RT @IEEEBigMM19: We are honored to have Dr. Chang Wen Chen (Chinese University Hong Kong @CUHKofficial ) and Dr. Roger Zimmermann (National‚Ä¶,Sun Mar 24 06:23:37 +0000 2019,6,5,
30,"RT @IEEEBigMM19: Distinguished researchers Dr. Rajiv Ratn Shah @RatnRajiv (@IIITDelhi , @midasIIITD ), Dr. Jianquan Liu (NEC Japan) and Dr.‚Ä¶",Sun Mar 24 06:23:14 +0000 2019,13,3,
31,"@IEEEBigMM19 is also available on Facebook now. 
LIKE its Facebook page https://t.co/B3Q0zmmzXb  to get the regular‚Ä¶ https://t.co/z8tfXY3fHj",Wed Mar 20 08:19:24 +0000 2019,1,1,
32,"RT @IEEEBigMM19: BigMM 2019 : IEEE BigMM 2019 ‚Äì Call for Workshop Proposals  

https://t.co/I4vqf8FE6K ‚Ä¶  
When: Sep 11, 2019 - Sep 13, 201‚Ä¶",Wed Mar 20 02:40:07 +0000 2019,6,5,
33,"BigMM 2019 : IEEE BigMM 2019 ‚Äì Call for Workshop Proposals

https://t.co/oUq2G0UgKN

When: Sep 11, 2019 - Sep 13, 2‚Ä¶ https://t.co/HrZCI4APy9",Mon Mar 18 02:27:47 +0000 2019,6,3,
34,"Congratulations @midasIIITD team, Rohan, Pradyumn, Ramit, @debanjanbhucs, @MADAIguy and @RatnRajiv for getting thei‚Ä¶ https://t.co/jDCOIOsl1M",Sun Mar 17 14:22:04 +0000 2019,15,4,
35,We have emailed the task details to all shortlisted candidates for @midasIIITD internship. Kindly check the same.‚Ä¶ https://t.co/ku8O8HaoOe,Sat Mar 16 14:06:56 +0000 2019,7,0,
36,"IEEE BigMM 2019 - Call for Workshop Proposals. 

Contact @midasIIITD @RatnRajiv @debanjanbhucs if you have any quer‚Ä¶ https://t.co/EArExUYJE4",Sat Mar 16 09:20:29 +0000 2019,2,1,
37,"Congratulations! Arijit, Ramit, @debanjanbhucs @RatnRajiv for your @NAACLHLT  @naacl SRW 2019 paper, ""Speak Up, Fig‚Ä¶ https://t.co/pc6pbJ9Iub",Sat Mar 16 09:14:58 +0000 2019,7,2,
38,We will be releasing a very interesting task to shortlisted candidates for the internship at @midasIIITD today. You‚Ä¶ https://t.co/PfjjoTNaWQ,Sat Mar 16 05:13:14 +0000 2019,7,2,
39,"RT @hcdiiitd: Last day to register for #PortfolioCreationinDesign Workshop Indraprastha Institute of Information Technology, Delhi on 15th‚Ä¶",Wed Mar 13 17:09:44 +0000 2019,6,2,
40,"@ACMMM19 @sigmm @TheOfficialACM @acmmmsys @ACMTVX @ACMICMR @euromm @Benoit_Huet @RatnRajiv @kelkalot 
We need to cl‚Ä¶ https://t.co/ZofTZ3UcvN",Wed Mar 13 04:11:24 +0000 2019,1,0,
41,RT @ACMMM19: The paper deadline is approaching. 1 April abstract is due. Authors will have until 8 April to upload the final PDF version of‚Ä¶,Wed Mar 13 04:06:04 +0000 2019,14,13,
42,RT @kaggle: Bookmark this amazing library of image augmentations üòµ by #Kaggle Masters @AlBuslaev @creaf @viglovikov and @cvtalks | https://‚Ä¶,Tue Mar 12 17:43:44 +0000 2019,238,68,
43,Awesome members of our @midasIIITD team who are working on Humonics projects. Great to have you on our team.‚Ä¶ https://t.co/XEkcYO8KmW,Tue Mar 12 14:37:55 +0000 2019,16,4,
44,"@saanidhi @ACMMM19 Before Friday, 15th March.",Mon Mar 11 14:58:30 +0000 2019,0,0,
45,We are glad to inform that Adobe is launching Women‚Äôs day Tech-Challenge to hire female engineers from 2019 Batch u‚Ä¶ https://t.co/vpNJyiuuqZ,Mon Mar 11 12:02:42 +0000 2019,4,0,
46,"We will email tasks to all shortlisted candidates for an internship at @midasIIITD by Friday, 15th March. If you ar‚Ä¶ https://t.co/4TfRkzqpLu",Mon Mar 11 11:54:38 +0000 2019,3,0,
47,"@ACMMM19 @ACM_MM2018 @acmmm17 @sigmm @ACM Less than three weeks are left for @ACMMM19 submission. 
Looking forward‚Ä¶ https://t.co/XDubCfjQDu",Mon Mar 11 06:22:12 +0000 2019,1,1,
48,"RT @kdnuggets: Face Recognition using One-Shot Learning ‚Äì #DeepLearning
using DL architecture that works great with one-shot learning calle‚Ä¶",Mon Mar 11 06:17:20 +0000 2019,141,64,
49,@AvinashSwamina2 @IIITDelhi No. They will be given tasks along with students who will be selected in the second round.,Fri Mar 08 13:22:07 +0000 2019,1,0,
50,We are in the process of finalizing the shortlisted candidates for internship at @midasIIITD which we have received‚Ä¶ https://t.co/DFMWvpSeMF,Fri Mar 08 13:15:34 +0000 2019,8,4,
51,@ylecun @NilayShri @the_dhumketu @debanjanbhucs will it be useful?,Wed Mar 06 13:44:11 +0000 2019,3,0,
52,RT @kdnuggets: Python Data Science for Beginners https://t.co/yRExdmdZGh https://t.co/vRqTRuayO3,Wed Mar 06 11:12:30 +0000 2019,45,22,1.0
53,RT @stanfordnlp: Useful feature of our Python stanfordnlp: get lemmas &amp; morphology in many languages. Le ski de fond touch√©‚Üílemma toucher f‚Ä¶,Sun Mar 03 19:36:04 +0000 2019,127,36,
54,"@NilayShri @NilayShri, Certain thing! The next team outing will be for lipreading team. 
Probably, just after @ACMMM19 submission.",Sun Mar 03 17:09:48 +0000 2019,1,0,
55,"At @midasIIITD, we not only work hard but also have fun. 
Today, we had a team (for Humonics sponsored projects) ou‚Ä¶ https://t.co/CmqbHYOcX8",Sun Mar 03 15:37:28 +0000 2019,9,1,
56,"Considering several requests to extend the deadline for internship application, @midasIIITD at @IIITDelhi has decid‚Ä¶ https://t.co/wXHWiDrcG6",Sun Mar 03 14:55:31 +0000 2019,6,2,
57,"RT @jeremyphoward: 39 studies about human perception in 30 minutes by @kennelliott 

Awesome article. If you do any visualization or comput‚Ä¶",Sun Mar 03 14:26:40 +0000 2019,1003,315,
58,Correction:   @midasIIITD at @IIITDelhi,Sat Mar 02 17:43:05 +0000 2019,1,0,
59,Thanks much to all aspirants who have applied for the summer internship 2019 at @midasIIITD at @midasIIITD. We have‚Ä¶ https://t.co/jPV4qjnXC5,Sat Mar 02 09:59:03 +0000 2019,7,1,
60,RT @kdnuggets: Keras Hyperparameter Tuning in Google Colab Using Hyperas https://t.co/hmaI4ukJRX https://t.co/s3nTqqgnAb,Thu Feb 28 14:21:21 +0000 2019,5,4,1.0
61,"RT @RatnRajiv: Great meeting with @midasIIITD alumnus, Sanket Jain today.
He was among first MTech students who worked with me at @IIITDelh‚Ä¶",Tue Feb 26 18:30:52 +0000 2019,10,1,
62,"Correction: They have published the following paper only:

PROMPT: Personalized User Tag Recommendation for Social‚Ä¶ https://t.co/eBUbBzLFRO",Tue Feb 26 03:40:22 +0000 2019,0,0,
63,"We will process all applications received by March 1, 2019 and notify all shortlisted candidates by March 3. 

If y‚Ä¶ https://t.co/J5J0Lgq1HP",Mon Feb 25 16:10:46 +0000 2019,2,1,
64,"RT @ecsquendor: Jit Ghosh discusses the ""GloVe"" 2014 Stanford paper on word embeddings. This one was a great session! #paperreviewcalls #nl‚Ä¶",Sun Feb 24 03:39:40 +0000 2019,32,8,
65,RT @goodfellow_ian: This CVPR workshop is looking for applications of computer vision in developing countries. You don't need to submit a f‚Ä¶,Sat Feb 23 15:41:27 +0000 2019,288,90,
66,"RT @IIITDelhi: PhD Admission 2019 are open now

Online applications starts from 20th February 2019 and the last date to apply is 14th March‚Ä¶",Fri Feb 22 11:54:49 +0000 2019,9,8,
67,"RT @kdnuggets: #AI for Social Good study - how to inform policy, achieve interpretability, reduce bias and more -
include review of global‚Ä¶",Thu Feb 21 16:27:54 +0000 2019,12,14,
68,"@IIITDelhi has initiated PhD Admission 2019 process (Regular Round).

Online applications start from 20th February‚Ä¶ https://t.co/cM1k4pNYy2",Thu Feb 21 06:39:27 +0000 2019,2,1,
69,"RT @radamihalcea: We tend to focus mainly on creating learning algorithms, and yet there is so much that can be gained from unlearning. In‚Ä¶",Thu Feb 21 04:48:24 +0000 2019,21,13,
70,"@RealAAAI @RatnRajiv Thanks, @RealAAAI for recognizing our efforts. 

Congratulations, @midasIIITD students for win‚Ä¶ https://t.co/S6gh6naEQX",Wed Feb 20 07:09:19 +0000 2019,6,3,
71,"Deepak Gupta, has joined @Google today. 
Earlier this week, Anupam Samanta, has also joined Google. 
Both will be w‚Ä¶ https://t.co/Ifj9K2YIHi",Wed Feb 20 05:38:29 +0000 2019,4,2,
72,RT @ACMMM19: We are pleased to announce the multimedia Grand Challenges that will be offered at ACM Multimedia in 2019. Check out the list;‚Ä¶,Tue Feb 19 17:16:24 +0000 2019,13,15,
73,"In addition to projects related to NLP and Multimedia systems, we have open positions for 3D animation interns too.‚Ä¶ https://t.co/Qmaqyc1B12",Tue Feb 19 04:29:33 +0000 2019,3,2,
74,RT @technology: What could the manufacturing industry teach healthcare?,Tue Feb 19 04:19:05 +0000 2019,1415,289,
75,RT @MSFTResearch: Dr. Layla El Asri wants you to be able to talk to your machine just like you‚Äôd talk to another person. That‚Äôs the easy pa‚Ä¶,Tue Feb 19 04:18:53 +0000 2019,37,21,
76,"To apply for @midasIIITD internship at @IIITDelhi, fill the following form: https://t.co/t54AZ9eo26  

Check more d‚Ä¶ https://t.co/n6bP8J51gc",Mon Feb 18 17:29:44 +0000 2019,11,9,
77,"RT @CornellDyson: Digital ag is Cornell‚Äôs newest radical collaboration initiative‚Üíhttps://t.co/hVXSnoSbnS
#DigitalAg #Cornell @CornellNews‚Ä¶",Mon Feb 18 05:37:59 +0000 2019,22,6,
78,RT @odsc: Introduction to StanfordNLP: a state-of-the-art NLP library for 53 languages @StanfordNLP #DataScience #NLP #NaturalLanguageProce‚Ä¶,Sun Feb 17 17:22:06 +0000 2019,112,51,
79,"Looking forward to your participation in Multimedia Grand Challenges of @ACMMM19 

Several interesting challenges a‚Ä¶ https://t.co/YmXiw41j9z",Sun Feb 17 09:02:28 +0000 2019,3,1,
80,Consider attending National Workshop on Intelligent Multimodal Interfaces (NWIMI) at Indian Institute of Technology‚Ä¶ https://t.co/sDi8fdT9oi,Sun Feb 17 08:49:36 +0000 2019,1,0,
81,Submissions are invited for a special issue of Cognitive Computation (Impact Factor: 3.479) on Affect Recognition i‚Ä¶ https://t.co/LkQb24vcGU,Sun Feb 17 06:39:30 +0000 2019,1,1,
82,RT @debanjanbhucs: https://t.co/qNFzJ7ZHki,Sat Feb 16 16:57:51 +0000 2019,1,1,
83,"RT @MSFTResearch: Congratulations to Manik Varma, @iitdelhi's Himanshu Jain, Venkatesh Balasubramanian and Bhanu Chunduri for winning the B‚Ä¶",Fri Feb 15 08:22:23 +0000 2019,51,13,
84,"Congratulations! Anupam Samanta on joining @Google as a software engineer. 

Anupam worked with @midasIIITD head, D‚Ä¶ https://t.co/z9iljs6EP6",Thu Feb 14 15:56:14 +0000 2019,14,4,
85,RT @kdnuggets: Using BERT for state-of-the-art pre-training for natural language processing https://t.co/wAyERwPw3r https://t.co/ghPTpClh3p,Wed Feb 13 18:56:13 +0000 2019,11,5,1.0
86,RT @ACMMM19: Attention authors of ACM MultiMedia 2018 and 2017 main conference papers. Submit a reproducibility paper to ACMMM 2019 https:/‚Ä¶,Wed Feb 13 15:54:52 +0000 2019,10,11,
87,"RT @kdnuggets: 9 Must-have skills you need to become a Data Scientist, updated https://t.co/OeeComtoWu https://t.co/DGq5qrQefc",Wed Feb 13 05:56:05 +0000 2019,19,11,1.0
88,"@ACMMM19 @ACM Just one week is left for workshop proposal. Kindly consider submitting it. 
@midasIIITD‚Ä¶ https://t.co/BwEX4Q2x2t",Thu Feb 07 19:21:52 +0000 2019,1,1,
89,"@NilayShri @the_dhumketu Thanks, @NilayShri for sharing. 
Indeed a very good work.",Thu Feb 07 15:49:59 +0000 2019,0,0,
90,RT @NilayShri: @midasIIITD @the_dhumketu this seems to be the 'trend' https://t.co/m6YfyTtwfX,Thu Feb 07 15:49:08 +0000 2019,3,1,
91,"RT @kdnuggets: Machine Learning in Python by @PyImageSearch
""Struggling to get started with machine learning using Python? In this step-by-‚Ä¶",Thu Feb 07 06:23:10 +0000 2019,126,54,
92,RT @Cambridge_Uni: .@DeepMindAI and @Cambridge_Trust  are offering scholarships to under-represented students to study computer science. Op‚Ä¶,Wed Feb 06 11:26:25 +0000 2019,39,35,
93,"RT @GoogleAI: Google AI  and @DeepMindAI researchers have open-sourced the Hanabi Learning Environment, a testbed for collaborative multi-a‚Ä¶",Tue Feb 05 18:32:54 +0000 2019,626,212,
94,Edit: In the updated leaderboard we are now ranked 10th in the suggestion mining task! Thanks for updates @isarth23,Tue Feb 05 17:45:09 +0000 2019,0,0,
95,"Congratulations! @isarth23. 
It is our pleasure to work with you. 
You are a gem of @midasIIITD. https://t.co/mOJQyhd26K",Tue Feb 05 17:44:27 +0000 2019,4,0,
96,"In addition to OffensEval task, @midasIIITD has also performed well in the suggestion mining task (‚Ä¶ https://t.co/Vs35HbjxlU",Tue Feb 05 12:09:44 +0000 2019,5,1,
97,"Thanks, Karan Uppal and @RatnRajiv for all your support.",Tue Feb 05 11:55:41 +0000 2019,1,1,
98,"@midasIIITD performance in OffensEval 2019 (SemEval 2019 - Task 6).

In subtask-A, we came 5th out of 103 teams
In‚Ä¶ https://t.co/nm6QEgp1EE",Tue Feb 05 11:06:31 +0000 2019,4,3,
99,RT @ProfAnirban: One of the biggest obstacles to the adoption of #NLP and cognitive #AI is the lack of pretrained models in languages other‚Ä¶,Mon Feb 04 12:16:16 +0000 2019,86,39,
100,"RT @IIITDelhi: Students of @midasIIITD lab won the best student poster award at 33rd @RealAAAI 2019 conference in Honolulu, Hawaii for the‚Ä¶",Mon Feb 04 10:58:53 +0000 2019,25,4,
101,"@RealAAAI 2019 summary for @midasIIITD.
1 paper in main conference, 1 paper in EAAI, 2 papers published in student‚Ä¶ https://t.co/NsZ70KKP9P",Sat Feb 02 05:05:16 +0000 2019,7,3,
102,"@the_dhumketu @RealAAAI Congrats! Raghav, Kshitij, and @the_dhumketu for the best student poster award!
Congrats‚Ä¶ https://t.co/juj3RGiGU8",Fri Feb 01 07:46:57 +0000 2019,3,1,
103,"Our paper titled, ""Mind Your Language: Abuse and Offence Detection for Code-Switched Languages"", won the best stude‚Ä¶ https://t.co/hV7uchpmWE",Fri Feb 01 07:30:53 +0000 2019,24,3,
104,"RT @PeterMartigny: Very interesting talk by @ChenguangZhu2 at the @stanfordnlp seminar on SDNet, a new architecture for conversational ques‚Ä¶",Fri Feb 01 03:15:27 +0000 2019,49,8,
105,"RT @NilayShri: @midasIIITD @RatnRajiv
@the_dhumketu 
https://t.co/PkUa18lF8p",Fri Feb 01 03:13:23 +0000 2019,4,2,
106,CFP for @ACMMM19 has been posted on WikiCFP. Kindly share with your colleagues and submit your work to #ACMMM 2019.‚Ä¶ https://t.co/U2tLyg1Gjm,Thu Jan 31 06:57:04 +0000 2019,1,1,
107,"@midasIIITD Lab is pleased to share our novel work titled, Harnessing GANs for Addition of New Classes in VSR (‚Ä¶ https://t.co/BkSMWfWX8H",Thu Jan 31 05:50:19 +0000 2019,4,2,
108,"RT @RatnRajiv: If you are attending @RealAAAI and liked our work, Lipper, for speech reconstruction from silent videos using lipreading the‚Ä¶",Thu Jan 31 05:32:43 +0000 2019,5,2,
109,"RT @RatnRajiv: Great to be part of this year's accepted papers at @RealAAAI from India. Out of 25 papers from India, 6 from @IIITDelhi. 
Co‚Ä¶",Wed Jan 30 19:46:11 +0000 2019,12,2,
110,RT @MIT: Want to squelch fake news? Let the readers take charge https://t.co/Jusr6TMUse https://t.co/KDHmFDP9aE,Wed Jan 30 17:18:40 +0000 2019,22,11,1.0
111,"If you are attending @RealAAAI 2019 at Honolulu, Hawaii, USA then attend our talk in the Student Abstract Session f‚Ä¶ https://t.co/QPyeEUKWws",Wed Jan 30 05:00:29 +0000 2019,3,1,
112,"If you are attending @RealAAAI 2019 then visit following sessions for our papers.

3. Lipper: Synthesizing Thy Spee‚Ä¶ https://t.co/C4G5ldlFt4",Tue Jan 29 19:42:10 +0000 2019,5,2,
113,"If you are attending @RealAAAI 2019 then visit following sessions for our papers.

2. Lipper: Speaker Independent S‚Ä¶ https://t.co/ytddMaL0V3",Tue Jan 29 19:39:29 +0000 2019,3,1,
114,"If you are attending @RealAAAI 2019 then visit following sessions for our papers.

1. Mind Your Language: Abuse and‚Ä¶ https://t.co/i1q32HQSGM",Tue Jan 29 19:31:35 +0000 2019,2,1,
115,"@TechAtBloomberg @debanjanbhucs It is a great experience to work with @debanjanbhucs.
@midasIIITD looks forward to‚Ä¶ https://t.co/RgwF3FZdki",Tue Jan 29 18:05:01 +0000 2019,5,2,
116,RT @TechAtBloomberg: Learn more about the collaborative efforts of researchers @debanjanbhucs &amp; Daniel Preo≈£iuc-Pietro w/ academics around‚Ä¶,Tue Jan 29 18:03:31 +0000 2019,8,5,
117,RT @debanjanbhucs: We as researchers working at Bloomberg also get opportunities to collaborate with academia. Here are the outcomes of two‚Ä¶,Tue Jan 29 17:52:23 +0000 2019,6,2,
118,"RT @kdnuggets: 7 Steps to Mastering Basic Machine Learning with Python ‚Äî 2019 Edition
 https://t.co/yZExGjOVWH https://t.co/sJC8p2kTyp",Tue Jan 29 14:52:24 +0000 2019,76,33,1.0
119,"@TechAtBloomberg @debanjanbhucs @IIITDelhi @RatnRajiv Congrats, team @midasIIITD! https://t.co/ncsgSUusUb",Tue Jan 29 05:17:27 +0000 2019,3,1,1.0
120,"RT @TechAtBloomberg: #Textanalytics researcher @debanjanbhucs joins @IIITDelhi's @RatnRajiv &amp; other co-authors to present ""Get IT Scored us‚Ä¶",Tue Jan 29 04:40:47 +0000 2019,8,5,
121,RT @kdnuggets: Top 16 #OpenSource #DeepLearning Libraries and Platforms #KDN https://t.co/TycxmMSCWs,Mon Jan 28 12:11:29 +0000 2019,11,8,
122,"RT @Princeton: Using data from more than 6,000 patients, @EPrinceton researchers applied #machinelearning methods to design a system that c‚Ä¶",Mon Jan 28 12:11:13 +0000 2019,51,20,
123,RT @CornellBirds: In 1929 Cornell Lab founder Arthur Allen made the very first recordings of wild birds. Follow @MacaulayLibrary as they sh‚Ä¶,Mon Jan 28 12:10:37 +0000 2019,178,67,
124,"RT @seb_ruder: Natural Questions: A new QA dataset consisting of 300,000+ naturally occurring questions (posed to Google search) with human‚Ä¶",Fri Jan 25 08:56:54 +0000 2019,387,141,
125,RT @kdnuggets: 10 More #Free Must-Read #Books for #MachineLearning and #DataScience #KDN https://t.co/EtMyAJFl6d,Thu Jan 24 15:43:25 +0000 2019,43,24,
126,RT @kdnuggets: How to build an API for a machine learning model in 5 minutes using Flask https://t.co/VFN7NmCqTu https://t.co/oZ8rXEGM5w,Thu Jan 24 15:42:59 +0000 2019,41,25,1.0
127,@ACMMM19 @ACM @abhinavdhall consider submitting your proposal.,Wed Jan 23 10:24:14 +0000 2019,0,0,
128,RT @ACMMM19: Jump start your @ACM #Multimedia workshop submission... First workshop titles are now online https://t.co/S9ZSaJTH1a But also‚Ä¶,Wed Jan 23 10:23:34 +0000 2019,10,10,
129,"@NUSComputing Congratulations! Yaman @the_dhumketu , Roger, Yifang, @RatnRajiv, Rohit, and Salik.",Tue Jan 22 14:04:40 +0000 2019,1,1,
130,"‚ö°Ô∏è ‚ÄúAchievements‚Äù

https://t.co/LvZt1GTY4C",Tue Jan 22 14:02:51 +0000 2019,3,1,
131,RT @NUSComputing: A/P Roger Zimmermann and his collaborators from IIIT Delhi developed a lipreading system that produces audio from lip mov‚Ä¶,Tue Jan 22 13:58:08 +0000 2019,6,2,
132,"Welcome one member to our @midasIIITD family, SkyWalker. 
It will strengthen our team with Falcon. 

#midas #server‚Ä¶ https://t.co/IIZ8ZhVDJg",Mon Jan 21 16:29:31 +0000 2019,9,1,
133,Dr @RatnRajiv Shah delivered a research talk in the National Symposium on Natural Languages Processing and Artifici‚Ä¶ https://t.co/YnxUtsbalX,Mon Jan 21 15:19:33 +0000 2019,6,2,
134,"RT @Scott__Hubbard: Don't miss this new article from @ted_dunning, who presents practical methods for near real-time monitoring of machine‚Ä¶",Mon Jan 21 09:33:03 +0000 2019,16,9,
135,RT @kaggle: Stuck inside with stir-crazy kids? üò´ü§íüòµCheck out these downloadable machine learning projects designed for kids aged 8-16 üëâhttps‚Ä¶,Mon Jan 21 09:32:03 +0000 2019,86,37,
136,"@Princeton @nyuniversity @nytimes Team @midasIIITD, do we have the same trend in India?",Mon Jan 21 06:54:14 +0000 2019,0,0,
137,RT @Harvard: Researchers find connections between worry and the development of heart disease https://t.co/yQ4miy8DHI,Sun Jan 20 05:49:19 +0000 2019,202,77,
138,"RT @Stanford: Researchers across Stanford are exploring ways to predict and prevent preterm births, and to improve care for the highest-ris‚Ä¶",Sat Jan 19 18:15:35 +0000 2019,42,8,
139,"Meet our members of @midasIIITD .

https://t.co/2PFbtoDtDR

We welcome new members to our group. 

MIDAS is a group‚Ä¶ https://t.co/wpUTuw9Lf4",Sat Jan 19 09:59:16 +0000 2019,7,2,
140,RT @kdnuggets: How to Monitor Machine Learning Models in Real-Time https://t.co/9UpYVzlQWI https://t.co/9lK9eoOVWe,Sat Jan 19 03:27:33 +0000 2019,20,9,1.0
141,"Congratulations! @Leomi7 @ashualloy @RatnRajiv Ayush, Himanshu, Aditya, Deepanshu, @isarth23 @rgrgrajat1",Fri Jan 18 10:25:41 +0000 2019,6,0,
142,RT @jasonbaumgartne: #Pushshift is happy to announce a new dataset for your ML / NLP / Research pleasure -- Data for over 340+ Stackexchang‚Ä¶,Fri Jan 18 10:17:02 +0000 2019,48,20,
143,"Proceedings of FIRE 2018 is online now at https://t.co/vzLpwVp1Qb
Our 4 papers are:
1. Fully Automatic Approach to‚Ä¶ https://t.co/UzZiKlthB9",Fri Jan 18 10:16:26 +0000 2019,10,2,
144,RT @hseas: Only 20 percent of pediatric cancer patients in lower- and middle-income countries will survive. Engineering students partnered‚Ä¶,Thu Jan 17 04:04:16 +0000 2019,60,26,
145,RT @Cornell: Can virtual reality transform medicine? Psychologist JoAnn Difede @WeillCornell began using #VR with soldiers and survivors fr‚Ä¶,Thu Jan 17 04:03:55 +0000 2019,24,11,
146,RT @kdnuggets: Explainable Artificial Intelligence https://t.co/rllNxnm73U https://t.co/mAYFPMJF8P,Sun Jan 13 16:45:48 +0000 2019,46,20,1.0
147,@abhinavdhall @RatnRajiv Emailed you.,Sun Jan 13 16:40:46 +0000 2019,0,0,
148,"RT @kdnuggets: A comprehensive list of #MachineLearning Resources: Open Courses, Textbooks, #Tutorials, Cheat Sheets and more #KDN https://‚Ä¶",Sun Jan 13 16:03:25 +0000 2019,98,41,
149,Call for Book Chapter- Springer- Deep learning based approaches for sentiment analysis. Contact for more details.‚Ä¶ https://t.co/LgtvlSpETQ,Sun Jan 13 07:19:19 +0000 2019,6,1,
150,RT @Stanford: The average woman is exposed to four medications during her pregnancy and over 80 percent of medications haven‚Äôt been studied‚Ä¶,Sat Jan 12 14:37:07 +0000 2019,97,48,
151,@harvardmed @Harvard Another interesting direction to our previous work @MADAIguy @Leomi7,Thu Jan 10 08:51:20 +0000 2019,1,0,
152,RT @harvardmed: A first-of-its-kind strategy aims to improve outcomes for kidney cancer patients who are at high risk of recurrence followi‚Ä¶,Thu Jan 10 08:50:35 +0000 2019,79,27,
153,"RT @RatnRajiv: Fortunate to have appreciation from my former NUS professor, Dr. Terence Sim.
He also appreciated our @RealAAAI
2019 paper o‚Ä¶",Thu Jan 10 08:48:17 +0000 2019,14,3,
154,RT @Harvard: The study provides potential future targets for drug development to treat osteoporosis https://t.co/YhfrOovdbO,Wed Jan 09 02:05:06 +0000 2019,46,9,
155,"RT @UniofOxford: In the final episode of series one of our Futuremakers podcast series, hear from Professor Sir @Nigel_Shadbolt on where th‚Ä¶",Mon Jan 07 09:05:12 +0000 2019,36,16,
156,"@ACMMM19: Call for Workshop Proposals 

Deadline: Friday 15 February 2019

https://t.co/vpdx97ucNP

#ACMMM19‚Ä¶ https://t.co/tsZdIKtonM",Sun Jan 06 12:54:06 +0000 2019,1,0,
157,"@ACMMM19: Call for Grand Challenge Proposals

Deadline: Tuesday 8 January 2019

Check more details at-‚Ä¶ https://t.co/MHDI87AXTv",Sun Jan 06 04:29:25 +0000 2019,1,0,
158,"Since 1993, ACM Multimedia has been bringing together researchers and practitioners from academia and industry to p‚Ä¶ https://t.co/dgqhsabXtF",Sun Jan 06 04:09:54 +0000 2019,5,1,
159,"@ACMMM19 is structured around four themes (alphabetical):

Engaging users with multimedia
Multimedia experience
Mul‚Ä¶ https://t.co/WBVqNC0j90",Sun Jan 06 04:07:29 +0000 2019,1,0,
160,"ACM Multimedia 2019: First Call for Papers/Call for Contributions
@ACMMM19 is the premier international conference‚Ä¶ https://t.co/jYb2y1ri2x",Sun Jan 06 04:05:38 +0000 2019,4,2,
161,RT @ACMMM19: Happy new year! 2019 started with a bang. Thanks to everyone working to help resolve the ACM webserver hack issues. Please wat‚Ä¶,Thu Jan 03 06:14:05 +0000 2019,7,2,
162,"You may follow @midasIIITD updates through following:

Website: https://t.co/sPvbKhflKQ
Facebook:‚Ä¶ https://t.co/n0lhKok55x",Tue Jan 01 17:21:49 +0000 2019,4,2,
163,"Today, @midasIIITD completed one year at @IIITDelhi. In last one year, we have shown our strong presence in researc‚Ä¶ https://t.co/UPFHOJOVne",Tue Jan 01 17:17:56 +0000 2019,14,5,
164,RT @debanjanbhucs: Happy anniversary to @midasIIITD . It surely has been a productive year for us and hope to see some ground breaking work‚Ä¶,Tue Jan 01 16:14:24 +0000 2019,7,4,
165,Two Research Assistant (RA) positions are still open. Contact us if you are eligible and interested to work on the‚Ä¶ https://t.co/pWwA5lBwUk,Thu Dec 27 10:28:31 +0000 2018,2,1,
166,Positions for two Research Assistants (RA) are still open at @midasIIITD. Interested candidates may send their CV a‚Ä¶ https://t.co/YyIFinU41I,Thu Dec 27 09:59:06 +0000 2018,5,3,
167,"RT @TCoolsIT: I wrote a blogpost on CoreNLP highlighting some of its functionality. If you want a quick dip before diving into the course,‚Ä¶",Thu Dec 27 02:33:58 +0000 2018,35,12,
168,"@RatnRajiv delivered a research talk at the Central Research Laboratories of NEC Corporation, Japan. He discussed s‚Ä¶ https://t.co/nQiLhO9zkD",Wed Dec 26 09:41:04 +0000 2018,14,2,
169,@midasIIITD look forward to work together. https://t.co/nrpf32ODo2,Tue Dec 25 04:15:15 +0000 2018,1,0,
170,"@the_dhumketu @punnibhai @Hitkul_, FYI. https://t.co/yZb9mdr6IB",Tue Dec 25 03:00:21 +0000 2018,2,1,
171,RT @iiit_hyderabad: KCIS Distinguished Lecture by Andrew Zisserman on Learning from Sight and Sound. Three-time Marr Prize winner Zisserman‚Ä¶,Mon Dec 24 07:39:21 +0000 2018,28,11,
172,"RT @StanfordAILab: Our latest blog post is out! 

Check it out for a recording and summary of highlights from the event ""AI and the Future‚Ä¶",Fri Dec 21 03:50:39 +0000 2018,63,32,
173,"RT @medialab: In two new papers, @PratikShahPhD and collaborators present novel #AI and machine learning methods to improve diagnosis at th‚Ä¶",Thu Dec 20 18:05:35 +0000 2018,17,8,
174,RT @RatnRajiv: Wonderful get together with our NII colleagues. Prior to that we had a wonderful talk with Prof Chua Tat-Seng from National‚Ä¶,Thu Dec 20 06:14:52 +0000 2018,12,3,
175,@ACMMM19 is the premier international conference in the area of multimedia within the field of computer science. Mu‚Ä¶ https://t.co/8lKiTK7FBY,Wed Dec 19 02:16:31 +0000 2018,2,3,
176,Feel free to contact us if you have any query on @ACMMM19. We look forward to your submissions to ACM Multimedia co‚Ä¶ https://t.co/616EFI1MVE,Tue Dec 18 14:42:27 +0000 2018,3,2,
177,@NilayShri @RatnRajiv @ACMMM19 Looking forward to your paper to @ACMMM19.,Tue Dec 18 14:27:12 +0000 2018,3,0,
178,"@midasIIITD head, Dr. @RatnRajiv appointed as one of the publicity co-chairs for @ACMMM19. ACM Multimedia is the pr‚Ä¶ https://t.co/QIGDlmunLN",Tue Dec 18 14:15:32 +0000 2018,12,5,
179,@ACMMM19 @the_dhumketu fill the volunteer form for reviewer.,Tue Dec 18 12:34:10 +0000 2018,1,0,
180,RT @ACMMM19: New in 2019! Volunteer to serve as ACM Multimedia Area Chair or Reviewer. Please provide information on your qualifications in‚Ä¶,Tue Dec 18 12:33:42 +0000 2018,12,7,
181,"RT @IIITDelhi: Congratulations! authors Yaman @the_dhumketu, @RatnRajiv, and team @midasIIITD for winning the best poster runner-up at 20th‚Ä¶",Tue Dec 18 04:38:35 +0000 2018,11,3,
182,"Best wishes to @midasIIITD students @_himanshu0113, @Hitkul_, and Shivangi on starting their research internship at‚Ä¶ https://t.co/tL35MUcQvR",Mon Dec 17 16:57:00 +0000 2018,14,4,
183,"RT @MIT: Computer model could improve human-machine interaction, provide insight into how children learn language. https://t.co/ToQo6GTMcG‚Ä¶",Mon Dec 17 15:05:44 +0000 2018,48,20,
184,"RT @kdnuggets: Great @Wired interview with Geoff #Hinton on #AI risks, explanation, Graphcore chips, brain vs neural nets, and why there wi‚Ä¶",Mon Dec 17 14:37:00 +0000 2018,20,20,
185,RT @harvardmed: A defective metabolic pathway in aging immune cells may explain why the elderly commonly experience weakened immunity https‚Ä¶,Mon Dec 17 14:05:47 +0000 2018,256,167,
186,RT @stanfordnlp: Thread on (neural) reasoning. üëá https://t.co/kyJs5xztwA,Sun Dec 16 15:01:20 +0000 2018,38,10,
187,"Congratulations! Yaman @the_dhumketu, Rohit, Salik, Yifang, Roger, @RatnRajiv for winning the best poster runner-up‚Ä¶ https://t.co/7fAKUXLkgy",Wed Dec 12 03:56:19 +0000 2018,16,3,
188,"Yaman @the_dhumketu presented our idea of reconstructing speech from silent videos based on lip movements in the ""B‚Ä¶ https://t.co/nIDfysu8Ry",Sat Dec 01 15:24:51 +0000 2018,20,4,
189,Several Research Assistant and Intern positions are available at @midasIIITD lab. Check https://t.co/tfdisnpfw1 for‚Ä¶ https://t.co/zLvYxkt5Ht,Wed Nov 21 04:08:34 +0000 2018,11,10,
190,RT @kdnuggets: Variational Autoencoders Explained ‚Äì Towards Data Science https://t.co/g2HC2ne5DW https://t.co/CHkAMeYoNz,Tue Nov 20 09:05:09 +0000 2018,24,10,1.0
191,Positions for research assistants and interns are open at the @midasIIITD Lab. Check https://t.co/tfdisn7E7r for mo‚Ä¶ https://t.co/u6sJW3IsbU,Mon Nov 19 10:23:49 +0000 2018,2,4,
192,"Congratulations @Leomi7 Meghna, @punnibhai Puneet, @RatnRajiv, and Dr. Shree Gopal Sharma for getting your paper, E‚Ä¶ https://t.co/Awighdq7cX",Mon Nov 05 19:33:31 +0000 2018,7,2,
193,"Application for Ph.D. admission at @IIITDelhi is open now. 
Check more details at https://t.co/qZ21U9ugwg.
Deadline‚Ä¶ https://t.co/h2skXkkblW",Fri Nov 02 04:31:26 +0000 2018,4,3,
194,RT @NirantK: 1/n The Wonderful World of Fine Tuned Language Models. Threadüëá,Fri Nov 02 04:08:47 +0000 2018,127,40,
195,"RT @the_dhumketu: My 2 full papers and 2 student papers selected in @RealAAAI !!
@midasIIITD Rocks!! 
Thanks @RatnRajiv , @debanjanbhucs 
#‚Ä¶",Thu Nov 01 03:20:32 +0000 2018,12,2,
196,"@the_dhumketu @sundarpichai @GoogleAI @Googleorg @RatnRajiv We will be very happy to contribute for the same. 
The‚Ä¶ https://t.co/CC34zfYQJF",Wed Oct 31 04:49:32 +0000 2018,0,0,
197,"Two @midasIIITD interns, @Leomi7 and Sahil Chopra, are attending EMNLP 2018 to present our papers. Best wishes to t‚Ä¶ https://t.co/CMXKRFmPJn",Mon Oct 29 08:47:07 +0000 2018,9,4,
198,Need Help Getting Started with Applied Machine Learning? All ML beginners should go through it first.‚Ä¶ https://t.co/8NeSkhmLsZ,Sun Oct 28 03:25:51 +0000 2018,1,0,
199,Two student papers got accepted at AAAI despite this year 70% more submissions and the number of accepted papers sa‚Ä¶ https://t.co/COSL9QUlif,Sun Oct 28 02:48:34 +0000 2018,14,4,
200,"Another #ACMMM18 paper titled, ""Learning and Fusing Multimodal Deep Features for Acoustic Scene Categorization"", is‚Ä¶ https://t.co/9H9MPZ7Glb",Wed Oct 24 11:41:59 +0000 2018,4,0,
201,"Our paper on ""Harnessing AI for Speech Reconstruction using Multi-view Silent Video Feed"" is online now at‚Ä¶ https://t.co/ESpl6bMTjd",Wed Oct 24 11:39:32 +0000 2018,1,0,
202,"RT @debanjanbhucs: One of our papers on ""Detection of Personal Intake of Medicine from Twitter"" published in IEEE Intelligent Systems Journ‚Ä¶",Mon Oct 22 03:54:29 +0000 2018,10,2,
203,"Training Neural Nets on Larger Batches: Practical Tips for 1-GPU, Multi-GPU &amp; Distributed setups  
https://t.co/nAELMYGCie",Wed Oct 17 09:07:33 +0000 2018,4,0,
204,"@smnh_azadi @goodfellow_ian FYI, @the_dhumketu",Wed Oct 17 07:10:25 +0000 2018,0,0,
205,RT @smnh_azadi: Apply this simple rejection sampling technique to get rid of the bad samples generated by your GAN model. https://t.co/Mcfi‚Ä¶,Wed Oct 17 07:09:47 +0000 2018,216,45,
206,@UniofOxford @turinginst Check @Leomi7 @punnibhai,Wed Oct 17 07:08:59 +0000 2018,0,0,
207,"RT @soujanyaporia: We are making available a large multimodal multiparty dataset, manually annotated for emotion and sentiment. With D. Haz‚Ä¶",Wed Oct 17 07:07:43 +0000 2018,33,16,
208,"Thank you, Dr. Debanjan Mahata @debanjanbhucs https://t.co/vXGHxkd2T3",Tue Oct 16 17:45:30 +0000 2018,0,0,
209,"RT @mr2amc: Dear Colleagues, 

3 more days to go.
@mr2amc  Deadline extended until Oct 18 Please consider submitting your research contribu‚Ä¶",Tue Oct 16 03:44:19 +0000 2018,2,2,
210,"RT @AKASH_2907: My internship experience @midasIIITD during summer 2018.
‚ÄúContent-based Video Relevance Prediction‚Äù https://t.co/rqovlLUSI7",Mon Oct 15 11:09:59 +0000 2018,6,2,
211,"@AKASH_2907 @AKASH_2907, it was great having you at @midasIIITD. 
We hope it was a great learning experience for yo‚Ä¶ https://t.co/qmBsFC97Zi",Mon Oct 15 11:09:53 +0000 2018,0,0,
212,The demo of our MyLipper system which got accepted to the 20th IEEE International Symposium on Multimedia 2018 conf‚Ä¶ https://t.co/Rf536Vt4tu,Sat Oct 13 13:50:07 +0000 2018,5,2,
213,"Congratulations Yaman @the_dhumketu, Rohit, Salik, and Dr. Shah @RatnRajiv on getting their paper titled, ""MyLipper‚Ä¶ https://t.co/FqRk6YbAxc",Fri Oct 12 17:50:10 +0000 2018,5,1,
214,"RT @mr2amc: Dear Colleagues,
@mr2amc Deadline extended until Oct 18, 2018.
Please consider submitting your research contribution to the 2nd‚Ä¶",Fri Oct 12 03:48:01 +0000 2018,5,2,
215,"Congratulations Puneet Mathur @punnibhai , Meghna Ayyar @Leomi7, Dr. Rajiv Ratn Shah @RatnRajiv, and Dr. Shree Gopa‚Ä¶ https://t.co/zDSQr2ljcB",Fri Oct 12 03:37:46 +0000 2018,10,3,
216,"MTech and Ph.D. students of @IIITDelhi, if you are interested in pursuing 6 months research internship at National‚Ä¶ https://t.co/bfuwwGhubE",Wed Oct 10 17:56:45 +0000 2018,7,1,
217,"Thank you, @nvidia for your support. https://t.co/teGlvxhCKr",Tue Oct 09 17:25:48 +0000 2018,13,3,1.0
218,"RT @mr2amc: MR2AMC'18: Multimodal Representation, Retrieval, and Analysis of Multimedia Content in Social Media       
Deadline: October 7,‚Ä¶",Sat Oct 06 15:22:39 +0000 2018,2,1,
219,"RT @OriolVinyalsML: Best GAN samples ever yet? Very impressive ICLR submission! BigGAN improves Inception Scores by &gt;100.

Paper: https://t‚Ä¶",Sun Sep 30 07:22:30 +0000 2018,1517,575,
220,"RT @radamihalcea: I compiled a list of top ten reasons to study Computer Science, and with the help of talented graphic designers, turned t‚Ä¶",Sun Sep 30 07:20:56 +0000 2018,112,47,
221,"RT @RatnRajiv: Too many Turing awards, Field medals, Abel prizes, and Nevanlinna prizes in a frame. üòÜ
Thank you, @HLForum for providing a p‚Ä¶",Fri Sep 28 21:36:34 +0000 2018,8,1,
222,"RT @RatnRajiv: Thank you, @HLForum for organizing a wonderful conference with laureate in computer science and mathematics. 
It could not b‚Ä¶",Fri Sep 28 21:17:16 +0000 2018,8,1,
223,Congrats @midasIIITD student @Simcyy for getting selected to @Adobe Research for her summer internship in 2019.,Sat Sep 22 20:53:27 +0000 2018,4,1,
224,"RT @mr2amc: MR2AMC'18: Multimodal Representation, Retrieval, and Analysis of Multimedia Content in Social Media
   
  Deadline: October 7,‚Ä¶",Wed Sep 12 09:48:48 +0000 2018,3,2,
225,"RT @mr2amc: Please submit your research papers on multimedia, social media, and multimodal computing to @mr2amc 2018. More details can be f‚Ä¶",Mon Sep 10 17:46:41 +0000 2018,3,2,
226,RT @debanjanbhucs: Summarizing some recent developments in word embeddings #nlp https://t.co/XykpLifuop,Mon Sep 10 05:37:01 +0000 2018,3,3,
227,RT @debanjanbhucs: Excellent post for those working on word embeddings #NLP #MachineLearning  https://t.co/xENTzh7GrZ,Sun Sep 09 05:14:58 +0000 2018,5,2,
228,"@sharmadrishti @IIITDelhi @emnlp2018 Thank you, @sharmadrishti @midasIIITD @midasIIITD @RatnRajiv",Thu Sep 06 09:59:01 +0000 2018,1,0,
229,"RT @IIITDelhi: Congratulations team @midasIIITD
for getting 4 papers accepted to @emnlp2018 workshops.  1) Offensive Tweets Classification,‚Ä¶",Thu Sep 06 05:08:53 +0000 2018,26,4,
230,"RT @kdnuggets: Auto-Keras, or How You can Create a #DeepLearning Model in 4 Lines of Code #KDN https://t.co/A1FgKE0ZKA",Wed Sep 05 18:05:33 +0000 2018,31,11,
231,RT @jain49: Big Change: Diabetes patients are looking for diabetes management systems.  Manufacturers of continuous glucose monitoring devi‚Ä¶,Wed Sep 05 17:14:12 +0000 2018,0,1,
232,RT @NipsConference: #NIPS2018 The main conference sold out in 11 minutes 38 seconds,Tue Sep 04 18:22:18 +0000 2018,1081,688,
233,"Paper titled, ""Exploring and Learning Suicidal Ideation Connotations on Social Media with Deep Learning"", got accep‚Ä¶ https://t.co/3YD7Cmv7Tx",Tue Sep 04 16:19:56 +0000 2018,5,1,
234,The fourth paper (and 3rd of @punnibhai) got accepted into @emnlp2018 workshops. Congratulations Team @midasIIITD‚Ä¶ https://t.co/iHAaRdozXb,Tue Sep 04 16:16:37 +0000 2018,3,1,
235,"RT @NAACLHLT: Calls for papers for #naacl2019 are up!
Research track: https://t.co/tvFJx6P3Zs",Tue Sep 04 15:54:18 +0000 2018,45,34,
236,"RT @kdnuggets: Text Classification &amp; Embeddings Visualization Using LSTMs, CNNs, and Pre-trained Word Vectors https://t.co/ir0jssoMkh https‚Ä¶",Tue Sep 04 01:10:31 +0000 2018,63,28,
237,"RT @mr2amc: @mr2amc challenge on ""Multimodal Sentiment Analysis Challenge"" is up now. You may visit the following link for more details:‚Ä¶",Mon Sep 03 13:14:52 +0000 2018,2,3,
238,"RT @TheWebConf: Submitting to The Web Conference 2019 (WWW 2019) in San Francisco? Abstracts due Oct. 29, full papers Nov. 5! Full CFP: htt‚Ä¶",Sat Sep 01 17:25:56 +0000 2018,36,33,
239,RT @kdnuggets: First Steps of Learning Deep Learning: Image Classification in Keras https://t.co/eroBz5EhS8 https://t.co/5CN1eQHbTP,Sat Sep 01 14:55:48 +0000 2018,62,25,1.0
240,"@debanjanbhucs @debanjanbhucs, thanks for sharing. 
@the_dhumketu this will be useful.",Sat Sep 01 03:09:52 +0000 2018,1,0,
241,"RT @DaveRubal: GREAT 9-page reference in basic #datascience. Here: https://t.co/g3EHvtd65h

Covers basic concepts in probability, #statisti‚Ä¶",Sat Sep 01 03:07:55 +0000 2018,13,9,
242,RT @ylecun: Nice blog post about FAIR's work on unsupervised language translation. https://t.co/DfJWizDHeA,Fri Aug 31 17:50:25 +0000 2018,72,21,
243,If you are holding Junior Research Fellowship (JRF) in computer science and looking for Ph.D. at the @midasIIITD la‚Ä¶ https://t.co/D1FhHK2TXt,Fri Aug 31 05:28:31 +0000 2018,3,3,
244,RT @goodfellow_ian: https://t.co/46MisEZT5n Deep learning for predicting aftershocks of large earthquakes. Besides offering better predicti‚Ä¶,Fri Aug 31 03:23:10 +0000 2018,575,196,
245,"@BloodDonorsIn Not everyone is aware of your handle and nor all can fill the form that you want people to fill. We,‚Ä¶ https://t.co/cOCzXSROcq",Thu Aug 30 09:31:43 +0000 2018,0,1,
246,@BloodDonorsIn you may call us at 01126907495 or email us at midas@iiitd.ac.in to discuss opportunities to help you‚Ä¶ https://t.co/0HeixEdL6Q,Thu Aug 30 09:28:48 +0000 2018,0,0,
247,RT @ylecun: Many European country should dramatically increase their R&amp;D investments. https://t.co/27htpbr9P0,Thu Aug 30 09:20:55 +0000 2018,720,468,
248,RT @ponguru: Need Hindi-English Code-Mixed #POS Tagged data? Code: https://t.co/leACdMdOnG Data: https://t.co/qoj6p9tMQc from our recent #S‚Ä¶,Thu Aug 30 04:32:16 +0000 2018,11,2,
249,RT @kdnuggets: NVIDIA Blog: Supervised Vs. Unsupervised Learning https://t.co/qLhByopdqT https://t.co/8aRgrEa3TX,Wed Aug 29 15:27:21 +0000 2018,10,5,1.0
250,"RT @DheerajSanghi: Delhi government nods construction of Phase-2 of DTU, IIIT-D https://t.co/OfBtFs9R3g",Wed Aug 29 08:25:05 +0000 2018,3,1,
251,@medialab @TechXplore_com an interesting problem to pursue @the_dhumketu @RatnRajiv @mr2amc,Tue Aug 28 17:27:03 +0000 2018,1,0,
252,RT @DheerajSanghi: Google data collection research via @DCNorg https://t.co/WOKPIhb5dK,Tue Aug 28 17:24:55 +0000 2018,1,1,
253,"RT @assert_pub: ""Ubiquitous Event Mining to Enhance Personal Health"" is the #1 paper on Arxiv today in human-computer interaction. Congrats‚Ä¶",Tue Aug 28 14:17:19 +0000 2018,1,2,
254,"Congratulations @midasIIITD PI, @RatnRajiv, on getting selected for the SAP Grant at the 6th Heidelberg Laureate Fo‚Ä¶ https://t.co/0wbOEtn0N8",Tue Aug 28 13:56:15 +0000 2018,7,0,
255,RT @jain49: Great to hear this.  #FoodComputing #FutureHealth https://t.co/qH1zns8MpG,Sun Aug 26 17:13:49 +0000 2018,1,1,
256,"@ponguru @IIITDelhi @AhujaSheetu @DheerajSanghi Best wishes to all graduates of @IIITDelhi. 
@midasIIITD looks forw‚Ä¶ https://t.co/Uj3bJv8Fh1",Sat Aug 25 05:05:20 +0000 2018,2,1,
257,RT @kdnuggets: Understanding Deep Convolutional #NeuralNetworks with a practical use-case in Tensorflow and Keras #KDN https://t.co/Yiop03C‚Ä¶,Fri Aug 24 04:59:43 +0000 2018,58,32,
258,"RT @hardmaru: Everybody Dance Now!
Exciting new work on conditional video synthesis from Berkeley.
https://t.co/kXGsZ8O4zA https://t.co/TuS‚Ä¶",Fri Aug 24 04:59:16 +0000 2018,17810,8431,
259,RT @YejinChoinka: We have a hot new dataset for üî•NLI with commonsenseüî•! --- 113k multiple choice questions adversarially constructed to mak‚Ä¶,Thu Aug 23 17:28:15 +0000 2018,273,77,
260,"RT @radamihalcea: We are releasing a brand new dataset of fake news, covering several domains
https://t.co/aq5s3rV7ti

Read the paper here‚Ä¶",Thu Aug 23 15:56:47 +0000 2018,200,83,
261,"""Did you offend me? Classification of Offensive Tweets in Hinglish Language.""

Many congratulations to @midasIIITD‚Ä¶ https://t.co/YHwqMmF8HG",Thu Aug 23 14:48:45 +0000 2018,6,1,
262,"Congratulations @midasIIITD interns, @punnibhai Puneet, @Leomi7 Meghna, Sahil Chopra, Simra Shahid, and Laiba Mehna‚Ä¶ https://t.co/4WZe8TMp2P",Thu Aug 23 09:01:29 +0000 2018,7,2,
263,https://t.co/GOyrocgXf4,Thu Aug 23 07:19:47 +0000 2018,8,1,1.0
264,TCS Foundation inaugurated Centre for Design and New Media at @IIITDelhi. @midasIIITD is proud to be the part of th‚Ä¶ https://t.co/aNIurRQqm8,Thu Aug 23 07:17:40 +0000 2018,8,3,
265,@RatnRajiv Another paper will help companies or people to find offensive tweets in Hinglish automatically. Our meth‚Ä¶ https://t.co/b01NGnU6tS,Thu Aug 23 03:38:51 +0000 2018,2,1,
266,"Congratulations all @midasIIITD interns for your great work. 
One of our accepted work will help patients to reach‚Ä¶ https://t.co/w9mQgB2Lrq",Thu Aug 23 03:34:39 +0000 2018,4,2,
267,"@Thom_Wolf @stanfordnlp @sivareddyg @hhexiy @yatskar @MohitIyyer @the_dhumketu @RatnRajiv 
A great scope to work on this dataset.",Thu Aug 23 03:31:55 +0000 2018,1,0,
268,@danqi_chen @stanfordnlp FYI @the_dhumketu,Wed Aug 22 19:22:16 +0000 2018,1,0,
269,RT @kdnuggets: Awesome #DeepLearning: Most Cited #DeepLearning Papers #KDN https://t.co/szGieAzboH,Wed Aug 22 16:11:43 +0000 2018,58,33,
270,"RT @stanfordnlp: People usually get information from others in a multi-turn conversation. To approach this, we‚Äôve released CoQA üçÉ‚ÄîA Convers‚Ä¶",Wed Aug 22 15:50:12 +0000 2018,497,233,
271,Team @midasIIITD looking forward to with CDNM. https://t.co/h4roiaL1X6,Wed Aug 22 12:53:38 +0000 2018,4,1,
272,"RT @VeredShwartz: After 3 years of blogging about NLP, with the goal of writing in simple words that non-experts can understand, I finally‚Ä¶",Wed Aug 22 05:35:37 +0000 2018,212,61,
273,"RT @msisodia: With immense ambition &amp; hope, inaugurated the sprawling @IIITDelhi Phase 2 Campus with Hon'ble CM @ArvindKejriwal 

The total‚Ä¶",Wed Aug 22 04:56:37 +0000 2018,1065,496,
274,RT @goodfellow_ian: Video-to-video translation with conditional GANs https://t.co/DDmRSTkpri,Wed Aug 22 04:56:22 +0000 2018,320,87,
275,"RT @kaggle: RT @afshinea üî•Set of illustrated Machine Learning cheat sheets from Stanford's CS 229 class:
Deep Learning: https://t.co/BNQ7Fp‚Ä¶",Wed Aug 22 04:56:17 +0000 2018,1317,554,
276,"RT @jain49: Beginning to understand what we eat better. Next, controlling it through engineering. #FoodComputing https://t.co/PpMwnqFvak vi‚Ä¶",Mon Aug 20 05:41:16 +0000 2018,0,1,
277,"Our paper titled, ""IceBreaker: Solving Cold Start Problem for Video
Recommendation Engines"", is now available on Ar‚Ä¶ https://t.co/vv4eAFATn6",Mon Aug 20 04:32:09 +0000 2018,3,1,
278,"RT @mr2amc: Call for papers: MR2AMC 2018, Taichung, Taiwan.

https://t.co/gBhtnsyUk3",Mon Aug 20 03:51:43 +0000 2018,1,1,
279,"Our paper titled, ""Neural Machine Translation for English-Tamil"", is got accepted to the third Conference on Machin‚Ä¶ https://t.co/44Oq7l8Lek",Sun Aug 19 09:19:12 +0000 2018,9,0,
280,"RT @mr2amc: Team @midasIIITD, please spread CFP for @mr2amc 

#ISM #MR2AMC #IEEE #MIDAS https://t.co/D2ZJjYR8N4",Sat Aug 18 19:04:18 +0000 2018,2,3,1.0
281,"RT @mr2amc: Our paper submission system is ready on EasyChair for @mr2amc 

https://t.co/kMfbLOcz6x

You may submit your original contribut‚Ä¶",Sat Aug 18 17:19:21 +0000 2018,5,3,
282,"RT @NurtureAI: How do you choose the hyperparameters of an NN model? While current methods revolve around trial and error, this becomes inf‚Ä¶",Sat Aug 18 03:55:34 +0000 2018,5,5,
283,RT @kdnuggets: Diving Deep into Deepfakes https://t.co/gM5xM4pMkz https://t.co/o969Jpeuwr,Thu Aug 16 06:13:04 +0000 2018,24,12,1.0
284,"Congratulations @midasIIITD @IIITDelhi interns, Deepanshu, Meghna, and Ashutosh for getting their paper accepted to‚Ä¶ https://t.co/WyswsIkPoh",Thu Aug 16 04:30:12 +0000 2018,7,3,
285,"RT @jain49: This is magic. In fact, more than magic, real transformation. https://t.co/tQbbb8Ka36",Wed Aug 15 14:38:37 +0000 2018,0,1,
286,RT @kdnuggets: The Best Metric to Measure Accuracy of Classification Models #KDN https://t.co/RBFTGnKr5M,Wed Aug 15 14:37:22 +0000 2018,15,6,
287,RT @kdnuggets: KDnuggets 18:n31: Top 10 roles in #AI and #datascience; Github Data Science Spotlight: #Python tools for #MachineLearning ht‚Ä¶,Wed Aug 15 14:36:08 +0000 2018,6,6,
288,RT @ponguru: Looking for ideas / projects in #privacy and #security in #socialnetwork? Here is a list of ideas that you can explore https:/‚Ä¶,Wed Aug 15 09:03:25 +0000 2018,15,4,
289,"RT @coling2018: #COLING2018 proceedings are now in the ACL Anthology! https://t.co/75kJ0btl3M

#nlproc #linguistics Check out those multili‚Ä¶",Mon Aug 13 10:48:07 +0000 2018,50,28,
290,"Very interesting! We at @midasIIITD, also doing some work on @DigitalHealth. Hope to present them in upcoming confe‚Ä¶ https://t.co/WRBWaYRCup",Sun Aug 12 15:07:30 +0000 2018,3,1,
291,"RT @kdnuggets: GitHub Python Data Science Spotlight: AutoML, NLP, Visualization, ML Workflows https://t.co/83nUhUzxF6 https://t.co/213EnP8x‚Ä¶",Sun Aug 12 14:19:37 +0000 2018,101,45,
292,"RT @mr2amc: @mr2amc will be organized by Prof @RatnRajiv and A V Subramanyam (@IIITDelhi ), Prof Roger Zimmermann and Yifang Yin (@NUSCompu‚Ä¶",Sun Aug 12 13:11:04 +0000 2018,3,2,
293,"RT @mr2amc: Our workshop proposal on Multimodal Representation, Retrieval, and Analysis of Multimedia Content in Social Media (MR2AMC) http‚Ä¶",Sun Aug 12 09:07:16 +0000 2018,3,2,
294,NLP's ImageNet moment has arrived ¬ª https://t.co/miZDIXKpq5 #natural language processing #nlp #transfer learning,Sun Aug 12 04:29:38 +0000 2018,2,0,
295,@soujanyaporia @nlp Congrats Dr. @soujanyaporia,Sat Aug 11 08:48:40 +0000 2018,1,0,
296,RT @kdnuggets: Ultimate Guide to Getting Started with Tensorflow https://t.co/tWpYBsmbG5 https://t.co/jXi4GK97mX,Thu Aug 09 10:17:53 +0000 2018,251,111,1.0
297,RT @TensorFlow: TensorFlow 1.10.0 has been released! Please see the full release notes for details on added features and changes ‚Üì https://‚Ä¶,Thu Aug 09 05:59:57 +0000 2018,567,265,
298,@midasIIITD is looking for motivated IIITD MTech students who have an interest in research and deep learning techni‚Ä¶ https://t.co/jxUuuTNO8A,Wed Aug 08 11:30:56 +0000 2018,2,1,
299,@IIITDelhi @ponguru @RatnRajiv The results of @midasIIITD are as follows https://t.co/I8bOPaJSQv,Wed Aug 08 05:53:48 +0000 2018,3,1,1.0
300,"RT @IIITDelhi: @midasIIITD has secured rank 1 in the IRMiDis challenge of the 10th FIRE 2018 conference. Congratulations MIDAS interns, Sak‚Ä¶",Wed Aug 08 05:45:58 +0000 2018,6,1,
301,RT @kdnuggets: Comparison of Top 6 Python NLP Libraries https://t.co/3ubomIUh4N https://t.co/KgP6R9mZsD,Tue Aug 07 07:16:33 +0000 2018,88,40,1.0
302,Check more details of the 20th IEEE International Symposium on Multimedia (ISM) conference at‚Ä¶ https://t.co/6NL6nhWrXI,Tue Aug 07 02:05:12 +0000 2018,1,1,
303,"MR2AMC@ISM 2018 will be organized by @RatnRajiv (@midasIIITD), @debanjanbhucs (@TechAtBloomberg), Yifang Yin (‚Ä¶ https://t.co/6gXWHEG0TC",Tue Aug 07 01:58:49 +0000 2018,1,1,
304,"Our workshop proposal named, ""MR2AMC: Multimodal Representation,
Retrieval, and Analysis of Multimedia Content in S‚Ä¶ https://t.co/NdY84xlAiJ",Tue Aug 07 01:50:33 +0000 2018,1,1,
305,@NUSComputing Congratulations Abdelhak and Prof Zimmermann.,Mon Aug 06 17:48:23 +0000 2018,0,0,
306,RT @goodfellow_ian: One of the most anticipated GAN names now taken: paGAN. https://t.co/ifUgy40O8t https://t.co/NvxKDwEMZz,Mon Aug 06 17:46:59 +0000 2018,423,103,1.0
307,@the_dhumketu Great to have you in @midasIIITD,Mon Aug 06 06:06:47 +0000 2018,0,0,
308,Congratulation @soujanyaporia for being appointed as an Adjunct Faculty of @IIITDelhi. He will be working with team‚Ä¶ https://t.co/Rve8ewvi4I,Fri Aug 03 05:56:33 +0000 2018,6,1,
309,@IIITDelhi @the_dhumketu Thanks team @midasIIITD https://t.co/2WvhaHBq3h,Wed Aug 01 11:47:15 +0000 2018,5,1,1.0
310,"RT @IIITDelhi: Congratulations @midasIIITD intern @the_dhumketu for getting his paper titled,""Harnessing AI for Speech Reconstruction using‚Ä¶",Wed Aug 01 11:20:07 +0000 2018,7,4,
311,"RT @learning_pt: Profile of the 5 Indian undergrads admitted to MIT for 2018-2022 session. 
Note, how they grabbed the Linguistics Olympiad‚Ä¶",Wed Aug 01 05:06:47 +0000 2018,4,4,
312,Have a look at the list of accepted papers in ACM Multimedia 2018 if you are willing to work on some interesting mu‚Ä¶ https://t.co/N7Biw32JS2,Tue Jul 31 12:11:52 +0000 2018,1,0,
313,"RT @goodfellow_ian: https://t.co/hYiWI7ntyk TensorFuzz automates the process of finding inputs that cause some specific testable behavior,‚Ä¶",Tue Jul 31 02:06:26 +0000 2018,756,264,
314,"RT @IIITDelhi: Congratulations Dr. @RatnRajiv and team @midasIIITD for getting their paper titled,""Learning and Fusing Multimodal Deep Feat‚Ä¶",Mon Jul 30 07:30:51 +0000 2018,14,2,
315,"RT @ylecun: Jitendra Malik, who directs FAIR-Menlo Park, talks about the future of computer vision in his acceptance talk after receiving t‚Ä¶",Sat Jul 28 11:07:11 +0000 2018,218,57,
316,"RT @kdnuggets: .@Bloomberg launches free course  ""Foundations of #MachineLearning"" for those with Strong #Math Backgrounds  https://t.co/9R‚Ä¶",Sat Jul 28 06:14:09 +0000 2018,225,105,
317,RT @TechAtBloomberg: Missed #PyLondinium18? Watch the videos of the keynotes and other speakers now: https://t.co/ZdsCV6csy7,Sat Jul 28 06:13:48 +0000 2018,7,7,
318,"RT @IIITDelhi: We are delighted to announce that @IIITDelhi has joined hands with University at Buffalo, the State University of New York f‚Ä¶",Sat Jul 28 04:08:21 +0000 2018,36,6,
319,"Get ready for the annual technical fest of @IIITDelhi, Esya, on 17th and 18th August 2018. The theme for this year'‚Ä¶ https://t.co/sXbZ4j5SAN",Fri Jul 27 06:46:44 +0000 2018,3,2,
320,"Congratulations Dr. @RatnRajiv and team @midasIIITD for getting their paper titled,""Learning and Fusing Multimodal‚Ä¶ https://t.co/HWZ1aqzERE",Fri Jul 27 04:07:31 +0000 2018,8,2,
321,Congratulations MIDAS @midasIIITD intern Prakhar Srivastava @prakharcode for being selected to give a talk in PyCon‚Ä¶ https://t.co/b1cUb4VMss,Wed Jul 25 05:14:35 +0000 2018,5,1,
322,MIDAS@IIITD foundation. https://t.co/LKuzyBHzjm,Tue Jul 24 10:33:23 +0000 2018,2,1,
323,It feels great to be the part of @IIITDelhi. https://t.co/IRRTtIpC6D,Tue Jul 24 10:12:34 +0000 2018,2,1,
324,"Thank you, @toonzratn for designing the logo of MIDAS. https://t.co/yx2u2Vs36Z",Tue Jul 24 09:46:26 +0000 2018,4,1,1.0
325,"We are on Facebook too. Like our page to get our updates. https://t.co/CRaw6KQPSf

#MIDAS #IIITD‚Ä¶ https://t.co/0gj73NnlGc",Mon Jul 23 16:25:05 +0000 2018,3,1,
326,"MIDAS is a group of researchers at IIIT-Delhi who study, analyze, and build different multimedia systems for societ‚Ä¶ https://t.co/omKEqF7xqN",Mon Jul 23 12:53:15 +0000 2018,7,4,
